Category,Product Name,Price,Description,Image URL
Pet Food,PetKo Acana Adult Dry Dog Food 2kg,"₱1,161.00","Grain-free dry kibble formulated for adult dogs, made with fresh regional meat as the main ingredient.",https://www.petexpress.com.ph/products/acana-adult-dog-2kg
Pet Food,PetKo Acana Grass Fed Lamb Dry Dog Food 2kg,"₱1,376.00","Lamb-based dry dog food for all-breed adult dogs, free of grains and fillers.",https://www.petexpress.com.ph/products/acana-grass-fed-lamb-dry-dog-food-2kg
Pet Food,PetKo Aozi Beef Wet Dog Food 430g (2 cans),₱238.00,"Canned wet dog food in a beef recipe, sold as a 2-can pack for everyday feeding.",https://www.petexpress.com.ph/products/aozi-beef-wet-dog-food-430g-2-cans
Pet Food,PetKo Aozi Chicken and Liver Wet Dog Food 430g (2 cans),₱238.00,"Chicken and liver flavored canned dog food, packed in a 2-can set.",https://www.petexpress.com.ph/products/aozi-chicken-and-liver-wet-dog-food-430g-2-cans
Pet Food,PetKo Acana Adult Bountiful Catch Dry Cat Food 1.8kg,"₱1,102.00","Fish-based grain-free dry cat food made with wild-caught salmon, herring, and hake for adult cats.",https://www.petexpress.com.ph/products/acana-bountiful-catch-wild-caught-salmon-herring-and-hake-adult-dry-cat-food-1-8kg
Pet Food,PetKo Acana Adult Homestead Harvest Dry Cat Food 340g,₱274.50,"Plant-based clumping litter made from soybean fiber, low dust and flushable.",https://www.petexpress.com.ph/products/acana-adult-homestead-harvest-chicken-with-turkey-dry-cat-food-340g
Pet Food,PetKo Aozi Beef Wet Cat Food 430g (2 cans),₱264.00,Deodorizing powder sprinkled into the litter box to neutralize odor.,https://www.petexpress.com.ph/products/aozi-beef-wet-cat-food-430g-2-cans
Pet Food,PetKo Aozi Salmon Wet Cat Food 430g (2 cans),₱264.00,Enclosed plastic litter box with a swing door and privacy hood.,https://www.petexpress.com.ph/products/aozi-salmon-wet-cat-food-430g-2-cans
Treats,PetKo Absolute Holistic Dental Chew Charcoal Dog Treats 160g,₱215.20,"Charcoal-flavored dental chew sticks for dogs, meant to help support oral hygiene while treating.",https://www.petexpress.com.ph/products/absolute-holistic-dental-chew-charcoal-dog-treats-160g
Treats,PetKo Absolute Holistic Dental Chew Kale Dog Treats 160g,₱259.00,Kale-flavored dental chews for dogs designed as a treat that also helps with teeth cleaning.,https://www.petexpress.com.ph/products/absolute-holistic-dental-chew-kale-dog-treats-160g
Treats,PetKo Bare Kitchen Picky Booster Salmon Dog Treats 80g,₱139.00,"Salmon-flavored soft dog treats meant to entice picky eaters, in an 80g pack.",https://www.petexpress.com.ph/products/bare-kitchen-picky-booster-salmon-dog-treats-80g
Treats,PetKo Bare Kitchen Premium Ham Beef Sausages Pet Treats 375g,₱129.00,"Ham and beef sausage-style treats for pets, sold in a 375g pack.",https://www.petexpress.com.ph/products/bare-kitchen-premium-ham-beef-sausages-pet-treats-375g
Cat Litter & Toilet,PetKo Arm and Hammer Double Duty Clumping Cat Litter 14lbs,₱999.00,"Clumping cat litter formulated for odor control, sold in a 14lb bag.",https://www.petexpress.com.ph/products/arm-hammer-double-duty-cat-litter-14lbs
Cat Litter & Toilet,PetKo Arm and Hammer Super Scoop Clumping Cat Litter 14lbs,₱999.00,"Scented clumping cat litter designed for easy scooping, in a 14lb bag.",https://www.petexpress.com.ph/products/arm-hammer-super-scoop-clumping-cat-litter-scented-14lbs
Cat Litter & Toilet,PetKo Catsan Clumping Cat Litter 5L,₱200.00,"Clumping cat litter in a 5-liter size, suited for regular household use.",https://www.petexpress.com.ph/products/catsan-clumping-cat-litter-5l
Cat Litter & Toilet,PetKo Catsan Light Cat Litter 9L,₱419.00,"Lightweight cat litter formula in a 9-liter bag, easier to carry and pour.",https://www.petexpress.com.ph/products/catsan-light-cat-litter-9l
Cat Litter & Toilet,PetKo Arm and Hammer Deodorizer Cat Litter 20oz,₱305.00,Litter box deodorizing powder that can be sprinkled into existing litter to help control odor.,https://www.petexpress.com.ph/products/arm-hammer-cat-litter-deodorizer-20oz
Toys,PetKo Approved Plush Green Monster with Star Dog Toy,₱231.20,Plush monster-shaped dog toy with a star accent for chewing and play.,https://www.petexpress.com.ph/products/approved-plush-green-monster-with-star-dog-toy
Toys,PetKo Approved Plush Paw Shape Dog Toy Green,₱136.00,Paw-shaped plush toy for dogs in green.,https://www.petexpress.com.ph/products/approved-plush-paw-shape-dog-toy-green
Toys,PetKo Brightkins Pupstrami Surprise Treat Puzzle Dog Toy,"₱1,280.00","Treat-dispensing puzzle toy shaped like a sandwich, designed for mental stimulation.",https://www.petexpress.com.ph/products/brightkins-pupstrami-surprise-treat-puzzle-dog-toy
Toys,PetKo I Love Happy Cats Alfie - Cat Toy Beige,₱299.00,Plush cat toy in a beige design for interactive play.,https://www.petexpress.com.ph/products/i-love-happy-cats-alfie-cat-toy-white
Toys,PetKo Approved Head Fox with Teether Baseball Pet Toy Blue,₱263.20,"Fox-head baseball-shaped pet toy with a built-in teether, in blue.",https://www.petexpress.com.ph/products/approved-head-fox-with-teether-baseball-pet-toy-blue-scyb35
"Collars, Harnesses & Leashes",PetKo Eco Dog Collar Large Blue,₱329.00,"Adjustable dog collar in blue, sized large.",https://www.petexpress.com.ph/products/eco-dog-collar-large-blue
"Collars, Harnesses & Leashes",PetKo Eco Dog Collar Medium Blue,₱259.00,"Adjustable dog collar in blue, sized medium.",https://www.petexpress.com.ph/products/eco-dog-collar-medium-blue
,,,,
,,,,
,,,,
Grooming & Hygiene,PetKo Oatmeal Pet Shampoo and Conditioner 1L,₱290.00,"Oatmeal-based shampoo and conditioner formulated to soothe dry, itchy skin on dogs and cats.",https://www.petexpress.com.ph/products/play-pets-oatmeal-shampoo-and-conditioner-1l
Grooming & Hygiene,PetKo Pet Wipes for Dogs and Cats 100s,₱99.00,"Hypoallergenic pet wipes that gently clean dogs and cats, remove dirt and food residue, and kill 99.9% of bacteria and viruses. Alcohol- and paraben-free, safe for puppies and kittens.",https://www.petexpress.com.ph/products/pet-express-pet-wipes-for-dogs-and-cats-100s
Grooming & Hygiene,PetKo Steel Slicker Pet Brush,₱139.00,"Slicker brush with a retractable button for easy fur removal, suited for dogs and cats.",https://www.petexpress.com.ph/products/lucky-dog-steel-slicker-brush-pet-brush
Grooming & Hygiene,"PetKo Fresh Breath Oral Care Spray for Dogs and Cats 150ml
",₱349.00,"Our Pet Fresh Breath Oral Spray works quickly to neutralize bad odors, leaving your pet's mouth smelling fresh and clean with every use.

",https://www.petexpress.com.ph/products/happy-life-fresh-breath-oral-care-spray-for-dogs-and-cats-150ml
Grooming & Hygiene,PetKo Nail Trimmer with Nail File,₱219.00,"Ergonomic nail trimmer and nail file with a safety guard, suited for dogs and cats.
",https://www.petexpress.com.ph/products/lucky-dog-pet-nail-trimmer-with-nail-file-orange
Health & Wellness,PetKo Strong Bones and Joints Chicken Pet Supplement 120s 240g,₱499.00,Chewable dog supplement that supports joint and bone mobility while easing discomfort.,https://www.petexpress.com.ph/products/pet-logic-strong-bones-and-joints-chicken-pet-supplement-120s-240g
Health & Wellness,PetKo Strong Bones and Joints Beef Pet Supplement 120s 240g,₱499.00,Chewable dog supplement that supports joint and bone mobility while easing discomfort.,https://www.petexpress.com.ph/products/pet-logic-strong-bones-and-joints-beef-pet-supplement-120s-240g
Health & Wellness,PetKo Gel High-Energy Dietary Supplement Tube for Cats and Dogs 220g,₱702.00,"High-energy gel supplement for dogs and cats with essential vitamins, minerals, and amino acids - boosts appetite and supports growth and performance.",https://www.petexpress.com.ph/products/nutriblend-gel-high-energy-dietary-supplement-for-dogs-and-cats-220g-tube-1
Health & Wellness,"PetKo Flea and Tick Repellant, Anti Mange Pet Spray 100ml
",₱247.50,"Natural flea, tick, and mange protection made with citronella, neem, aloe, and lavender - keeps pets fresh, bug-free, and soothes skin and coat issues.",https://www.petexpress.com.ph/products/safe-house-flea-and-tick-repellant-anti-mange-pet-spray-100ml
Health & Wellness,PetKo Eye Cleanser 4oz,"₱1,059.00","A sterile ophthalmic wash that gently cleanses and soothes dogs' eyes, removing irritants and tear stains while helping prevent infection. Suitable for all breeds, even sensitive eyes.",https://www.petexpress.com.ph/collections/pet-health-wellness/products/nutrivet-eye-cleanser-4oz
Health & Wellness,PetKo  Wound Cream (2 pcs),₱618.00,"Treats wounds with fungal or bacterial infections and hot spots in dogs and cats; also supports demodectic and sarcoptic mange treatment. Safe for primates, birds, and reptiles. Not for use in pregnant animals.",https://www.petexpress.com.ph/collections/pet-health-wellness/products/vetnoderm-cream-2-cream-box
Health & Wellness,PetKo Pet Multivitamins in Syrup 120ml,₱179.00,"Liquid vitamin supplement with A, D3, B-complex, C, and lysine to support appetite, immunity, and overall vitality. Easy to administer; suitable for dogs, cats, rabbits, hamsters, and chinchillas.",https://www.petexpress.com.ph/collections/pet-health-wellness/products/lc-vit-pet-multivitamins-in-syrup-120ml
Beds & Furniture,PetKo 2 in 1 Ortho Smart Dog Bed Medium,"₱5,999.00","Next-gen orthopedic pet bed with gel-infused cooling memory foam, supportive bolsters, and plush faux fur comfort. Made with durable, waterproof, recycled materials; doubles as a home/travel mattress. Features a machine-washable cover, non-slip base, carry handles, and a customizable name label.",https://www.petexpress.com.ph/collections/pet-bed/products/ezydog-2-in-1-ortho-smart-dog-bed-medium
Beds & Furniture,PetKo 2 in 1 Ortho Smart Dog Bed Small,"₱4,999.00","Next-gen orthopedic pet bed with gel-infused cooling memory foam, supportive bolsters, and plush faux fur comfort. Made with durable, waterproof, recycled materials; doubles as a home/travel mattress. Features a machine-washable cover, non-slip base, carry handles, and a customizable name label.",https://www.petexpress.com.ph/collections/pet-bed/products/ezydog-2-in-1-ortho-smart-dog-bed-small
Beds & Furniture,PetKo Eco Feeding Pet Bowl 775ml,₱229.00,"Practical, sturdy pet bowls made from recycled materials - an eco-friendly choice that helps reduce environmental impact for a better world for your pets.",https://www.petexpress.com.ph/collections/pet-bowl-feeder/products/eco-pet-bowl-775ml
Beds & Furniture,PetKo Water Bottle with Detachable Pet Bowls Pet Feeder 32oz,"₱1,499.00","The first insulated stainless-steel bottle with detachable pet bowls. Features a 32oz body for hot or cold water, two detachable bowls, a wide mouth for easy cleaning, an ergonomic handle, and a secure clip for on-the-go convenience.",https://www.petexpress.com.ph/collections/pet-bowl-feeder/products/porta-water-bottle-with-detachable-pet-bowls-pet-feeder-creamsicle-32oz
Beds & Furniture,PetKo Water Bottle with Detachable Pet Bowls Pet Feeder 16oz,"₱1,119.00","The first insulated stainless-steel bottle with detachable pet bowls. Features a 16oz body for hot or cold water, two detachable bowls, a wide mouth for easy cleaning, an ergonomic handle, and a secure clip for on-the-go convenience.",https://www.petexpress.com.ph/products/porta-water-bottle-with-detachable-pet-bowl-pet-feeder-lilac-16oz
Clothing & Accessories,PetKo Halloween Pumpkin Dog Costume Orange,₱50.00,"A soft, breathable costume designed to keep your pet cool and comfortable while looking adorably festive. Features an easy-wear collared design; available in small and medium sizes.",https://www.petexpress.com.ph/collections/pet-apparel/products/pet-pals-halloween-pumpkin-dog-costume-small-orange
Clothing & Accessories,PetKo Shirt Stripes Heart Dog Apparel Blue,₱150.00,"A soft, breathable everyday tee with stretchable fabric for a snug, comfortable fit. Easy to put on and machine washable — perfect for walks, lounging, or a stylish trip to the park.",https://www.petexpress.com.ph/products/pet-express-shirt-stripes-heart-dog-apparel-extra-large-blue
Clothing & Accessories,PetKo Sun Protect Dog Apparel ,₱200.00,"Cool-touch, four-way stretch tee (87% Nylon, 13% Spandex) offering instant cooling, breathability, and a snug fit for active pets. Features stylish color-blocking and letter print, hypoallergenic fabric, and durable, long-lasting wear.",https://www.petexpress.com.ph/collections/pet-apparel/products/pet-pals-sun-protect-dog-apparel-large-green
Clothing & Accessories,PetKo Beat Dog Hat,₱239.50,"A comfortable, breathable sun hat with a cute letter print design. Adjustable and easy to put on, made from premium material - perfect for daily wear or dressing up. Please check size chart before purchase.",https://www.petexpress.com.ph/collections/pet-accessories/products/approved-beat-dog-hat-big
Clothing & Accessories,PetKo Halloween Hat Tutu Set Dog Costume,₱50.00,"A soft, breathable costume perfect for Halloween or any special occasion. Features an easy-wear collared design that keeps your pet cool and comfortable. Available in small size.",https://www.petexpress.com.ph/collections/pet-accessories/products/pet-pals-halloween-hat-tutu-set-dog-costume-small-black-lilac
Clothing & Accessories,PetKo Cake Plush Party Hat Dog,₱129.00,"Made from plush material, perfect for pairing with party decorations to make your dog the star of the celebration. Please use under supervision to prevent accidental ingestion of accessories.",https://www.petexpress.com.ph/collections/pet-accessories/products/pet-party-celebrati-cake-plush-party-hat-dog-accessories
Training & Cleaning,PetKo Premium Pet Pee Training Pads 45x60cm 50s,₱539.00,"Highly absorbent, waterproof, and quick-drying pads with odor control and puppy attractant for effective potty training. Cute printed design, ideal for small to medium dogs - now in a bigger, budget-friendly pack.",https://www.petexpress.com.ph/products/pet-express-premium-pet-pee-training-pads-45x60cm-50s
Training & Cleaning,PetKo Cleaning Ear Wipes 50s,₱279.00,Gentle wipes that clean away dirt and wax to keep your pet's ears healthy.,https://www.petexpress.com.ph/products/purry-cleaning-ear-wipes-50s
Training & Cleaning,PetKo Tear Stain Eye Wipes 50s,₱249.00,Pre-moistened wipes that gently remove tear stains and discharge to keep your pet's eyes clean and healthy. Safe for daily use on dogs and cats.,https://www.petexpress.com.ph/products/purry-tear-stain-eye-wipes-50s
Training & Cleaning,PetKo Odor Off Pet Wipes 80s,₱314.00,"Gentle, safe wipes that make quick clean-ups easy - perfect for after walks, playtime, or as a between-bath refresh, especially for dogs who dislike full washes.",https://www.petexpress.com.ph/products/the-fur-life-odor-off-pet-wipes-80s
Training & Cleaning,PetKo Cool Breeze Veterinary Spray Pet Disinfectant 500ml,₱199.00,"Ready-to-use veterinary disinfectant, deodorizer, and cleaner made with Madre de cacao. Repels ticks, fleas, and rodents, kills bacteria, fungi, and viruses, and removes stains and odors from floors, cages, and more - with a fresh Cool Breeze scent, hypochlorite-free.",https://www.petexpress.com.ph/collections/pet-disinfectants/products/kleen-kenel-cool-breeze-veterinary-spray-pet-disinfectant-500ml
Training & Cleaning,"PetKo Disinfectant Pet Spray 500ml
",₱189.00,"A non-toxic, fast-acting deodorizer that eliminates odors and bacteria with Zinc Ricinoleate, Skullcap Root Extract, and calming Orchid Extract. Deodorizes in just 5 seconds and works on pet spaces, furniture, and more throughout the home.",https://www.petexpress.com.ph/collections/pet-disinfectants/products/purpaws-fresh-mornings-clean-my-mess-disinfectant-pet-spray-500ml
Travel & Outdoor,"PetKo Pet Carrier
",₱764.00,"A spacious, well-ventilated carrier for safe and comfortable pet travel, with secure hooks for peace of mind. Lightweight yet sturdy, it easily disassembles for quick and thorough cleaning.",https://www.petexpress.com.ph/collections/pet-cage-and-carrier/products/kennel-pro-pet-carrier-small-navy-blue-kn0207-50x34x32cm
Travel & Outdoor,PetKo Mesh Pet Carrier with Shoulder Strap,₱499.00,"A lightweight, foldable carrier with breathable mesh panels and two easy-access openings, keeping pets cozy and secure on every outing.",https://www.petexpress.com.ph/collections/pet-cage-and-carrier/products/lucky-dog-mesh-pet-carrier-with-shoulder-strap-green
Travel & Outdoor,PetKo Hands-free Pet Carrier Backpack,"₱1,499.00","A lightweight, breathable carrier designed for comfort and easy bonding on the go. Gentle on skin and fur, with a machine-washable, quick-dry design for everyday adventures.",https://www.petexpress.com.ph/products/m-pets-kari-hands-free-pet-carrier-backpack-small
Travel & Outdoor,PetKo Cat Tote Bag Green,₱300.00,"A durable, breathable carrier designed to keep your cat safe and snug on the go - or double as a stylish everyday bag. Features head and tail openings for freedom of movement and a shoulder-friendly design for extended outings.",https://www.petexpress.com.ph/collections/pet-cage-and-carrier/products/petmoki-cat-tote-bag-green